{"cameraMode":{"drawMode":0,"name":"Shaded","section":"Shading Mode"},"sceneLighting":false,"audioPlay":false,"sceneViewState":{"m_AlwaysRefresh":false,"showFog":true,"showSkybox":false,"showFlares":true,"showImageEffects":true,"showParticleSystems":true,"showVisualEffectGraphs":true,"m_FxEnabled":true},"in2DMode":false,"pivot":{"x":578.112548828125,"y":227.85520935058595,"z":36.70891189575195},"rotation":{"x":-0.028805632144212724,"y":-0.012897131033241749,"z":0.00038547292933799326,"w":-0.999593198299408},"size":826.0902099609375,"orthographic":false}